Flow ID,Src IP,Src Port,Dst IP,Dst Port,Protocol,Timestamp,Flow Duration,Total Fwd Packet,Total Bwd packets,Total Length of Fwd Packet,Total Length of Bwd Packet,Fwd Packet Length Max,Fwd Packet Length Min,Fwd Packet Length Mean,Fwd Packet Length Std,Bwd Packet Length Max,Bwd Packet Length Min,Bwd Packet Length Mean,Bwd Packet Length Std,Flow Bytes/s,Flow Packets/s,Flow IAT Mean,Flow IAT Std,Flow IAT Max,Flow IAT Min,Fwd IAT Total,Fwd IAT Mean,Fwd IAT Std,Fwd IAT Max,Fwd IAT Min,Bwd IAT Total,Bwd IAT Mean,Bwd IAT Std,Bwd IAT Max,Bwd IAT Min,Fwd PSH Flags,Bwd PSH Flags,Fwd URG Flags,Bwd URG Flags,Fwd RST Flags,Bwd RST Flags,Fwd Header Length,Bwd Header Length,Fwd Packets/s,Bwd Packets/s,Packet Length Min,Packet Length Max,Packet Length Mean,Packet Length Std,Packet Length Variance,FIN Flag Count,SYN Flag Count,RST Flag Count,PSH Flag Count,ACK Flag Count,URG Flag Count,CWR Flag Count,ECE Flag Count,Down/Up Ratio,Average Packet Size,Fwd Segment Size Avg,Bwd Segment Size Avg,Fwd Bytes/Bulk Avg,Fwd Packet/Bulk Avg,Fwd Bulk Rate Avg,Bwd Bytes/Bulk Avg,Bwd Packet/Bulk Avg,Bwd Bulk Rate Avg,Subflow Fwd Packets,Subflow Fwd Bytes,Subflow Bwd Packets,Subflow Bwd Bytes,FWD Init Win Bytes,Bwd Init Win Bytes,Fwd Act Data Pkts,Bwd Act Data Pkts,Fwd Seg Size Min,Bwd Seg Size Min,Active Mean,Active Std,Active Max,Active Min,Idle Mean,Idle Std,Idle Max,Idle Min,ICMP Code,ICMP Type,Fwd TCP Retrans. Count,Bwd TCP Retrans. Count,Total TCP Retrans. Count,Total Connection Flow Time,Label
FE80:0000:0000:0000:0042:1CFF:FE5E:2500-FF02:0000:0000:0000:0000:0000:0000:0002-0-0-0,FE80:0000:0000:0000:0042:1CFF:FE5E:2500,0,FF02:0000:0000:0000:0000:0000:0000:0002,0,0,1970-01-21 05:02:19.423867,26303,4,0,0.0,0.0,0.0,0.0,0.0,0.0,0,0,0,0,0.0,152.07390791924877,8767.666666666666,5615.41889206258,14847.0,3775.0,26303.0,8767.666666666666,5615.41889206258,14847.0,3775.0,0,0,0,0,0,0,0,0,0,0,0,0,0,152.07390791924877,0.0,0.0,0.0,0.0,0.0,0.0,0,0,0,0,0,0,0,0,0.0,0.0,0.0,0.0,0.0,0.0,0.0,0.0,0.0,0.0,0.0,0.0,0.0,0.0,0,0,0,0,0,0,0,0,0,0,0,0,0,0,-1,-1,0,0,0,0,NeedManualLabel
::-FF02:0000:0000:0000:0000:0001:FFD5:BC00-0-0-0,::,0,FF02:0000:0000:0000:0000:0001:FFD5:BC00,0,0,1970-01-21 05:02:19.355785,0,1,0,0.0,0.0,0.0,0.0,0.0,0.0,0,0,0,0,-1,-1,0.0,0.0,0.0,0.0,0,0,0,0,0,0,0,0,0,0,0,0,0,0,0,0,0,0,0.0,0.0,0.0,0.0,0.0,0.0,0.0,0,0,0,0,0,0,0,0,0.0,0.0,0.0,0.0,0.0,0.0,0.0,0.0,0.0,0.0,0.0,0.0,0.0,0.0,0,0,0,0,0,0,0,0,0,0,0,0,0,0,-1,-1,0,0,0,0,NeedManualLabel
FE80:0000:0000:0000:0042:9DFF:FEE8:0E00-FF02:0000:0000:0000:0000:0000:0000:0002-0-0-0,FE80:0000:0000:0000:0042:9DFF:FEE8:0E00,0,FF02:0000:0000:0000:0000:0000:0000:0002,0,0,1970-01-21 05:02:19.417920,30205,4,0,0.0,0.0,0.0,0.0,0.0,0.0,0,0,0,0,0.0,132.42840589306405,10068.333333333334,6257.727729242727,16894.0,4602.0,30205.0,10068.333333333334,6257.727729242727,16894.0,4602.0,0,0,0,0,0,0,0,0,0,0,0,0,0,132.42840589306405,0.0,0.0,0.0,0.0,0.0,0.0,0,0,0,0,0,0,0,0,0.0,0.0,0.0,0.0,0.0,0.0,0.0,0.0,0.0,0.0,0.0,0.0,0.0,0.0,0,0,0,0,0,0,0,0,0,0,0,0,0,0,-1,-1,0,0,0,0,NeedManualLabel
::-FF02:0000:0000:0000:0000:0001:FFB1:8C00-0-0-0,::,0,FF02:0000:0000:0000:0000:0001:FFB1:8C00,0,0,1970-01-21 05:02:19.420538,0,1,0,0.0,0.0,0.0,0.0,0.0,0.0,0,0,0,0,-1,-1,0.0,0.0,0.0,0.0,0,0,0,0,0,0,0,0,0,0,0,0,0,0,0,0,0,0,0.0,0.0,0.0,0.0,0.0,0.0,0.0,0,0,0,0,0,0,0,0,0.0,0.0,0.0,0.0,0.0,0.0,0.0,0.0,0.0,0.0,0.0,0.0,0.0,0.0,0,0,0,0,0,0,0,0,0,0,0,0,0,0,-1,-1,0,0,0,0,NeedManualLabel
FE80:0000:0000:0000:0042:C5FF:FED1:FF00-FF02:0000:0000:0000:0000:0000:0000:0016-0-0-0,FE80:0000:0000:0000:0042:C5FF:FED1:FF00,0,FF02:0000:0000:0000:0000:0000:0000:0016,0,0,1970-01-21 05:02:19.426429,574,2,0,0.0,0.0,0.0,0.0,0.0,0.0,0,0,0,0,0.0,3484.3205574912895,574.0,0.0,574.0,574.0,574.0,574.0,0.0,574.0,574.0,0,0,0,0,0,0,0,0,0,0,0,0,0,3484.3205574912895,0.0,0.0,0.0,0.0,0.0,0.0,0,0,0,0,0,0,0,0,0.0,0.0,0.0,0.0,0.0,0.0,0.0,0.0,0.0,0.0,0.0,0.0,0.0,0.0,0,0,0,0,0,0,0,0,0,0,0,0,0,0,-1,-1,0,0,0,0,NeedManualLabel
FE80:0000:0000:0000:0042:7CFF:FE11:3400-FF02:0000:0000:0000:0000:0000:0000:0016-0-0-0,FE80:0000:0000:0000:0042:7CFF:FE11:3400,0,FF02:0000:0000:0000:0000:0000:0000:0016,0,0,1970-01-21 05:02:19.365499,171,2,0,0.0,0.0,0.0,0.0,0.0,0.0,0,0,0,0,0.0,11695.906432748538,171.0,0.0,171.0,171.0,171.0,171.0,0.0,171.0,171.0,0,0,0,0,0,0,0,0,0,0,0,0,0,11695.906432748538,0.0,0.0,0.0,0.0,0.0,0.0,0,0,0,0,0,0,0,0,0.0,0.0,0.0,0.0,0.0,0.0,0.0,0.0,0.0,0.0,0.0,0.0,0.0,0.0,0,0,0,0,0,0,0,0,0,0,0,0,0,0,-1,-1,0,0,0,0,NeedManualLabel
::-FF02:0000:0000:0000:0000:0001:FF49:BF00-0-0-0,::,0,FF02:0000:0000:0000:0000:0001:FF49:BF00,0,0,1970-01-21 05:02:19.354528,0,1,0,0.0,0.0,0.0,0.0,0.0,0.0,0,0,0,0,-1,-1,0.0,0.0,0.0,0.0,0,0,0,0,0,0,0,0,0,0,0,0,0,0,0,0,0,0,0.0,0.0,0.0,0.0,0.0,0.0,0.0,0,0,0,0,0,0,0,0,0.0,0.0,0.0,0.0,0.0,0.0,0.0,0.0,0.0,0.0,0.0,0.0,0.0,0.0,0,0,0,0,0,0,0,0,0,0,0,0,0,0,-1,-1,0,0,0,0,NeedManualLabel
::-FF02:0000:0000:0000:0000:0001:FFF9:D500-0-0-0,::,0,FF02:0000:0000:0000:0000:0001:FFF9:D500,0,0,1970-01-21 05:02:19.362110,0,1,0,0.0,0.0,0.0,0.0,0.0,0.0,0,0,0,0,-1,-1,0.0,0.0,0.0,0.0,0,0,0,0,0,0,0,0,0,0,0,0,0,0,0,0,0,0,0.0,0.0,0.0,0.0,0.0,0.0,0.0,0,0,0,0,0,0,0,0,0.0,0.0,0.0,0.0,0.0,0.0,0.0,0.0,0.0,0.0,0.0,0.0,0.0,0.0,0,0,0,0,0,0,0,0,0,0,0,0,0,0,-1,-1,0,0,0,0,NeedManualLabel
::-FF02:0000:0000:0000:0000:0001:FF1B:9A00-0-0-0,::,0,FF02:0000:0000:0000:0000:0001:FF1B:9A00,0,0,1970-01-21 05:02:19.419515,0,1,0,0.0,0.0,0.0,0.0,0.0,0.0,0,0,0,0,-1,-1,0.0,0.0,0.0,0.0,0,0,0,0,0,0,0,0,0,0,0,0,0,0,0,0,0,0,0.0,0.0,0.0,0.0,0.0,0.0,0.0,0,0,0,0,0,0,0,0,0.0,0.0,0.0,0.0,0.0,0.0,0.0,0.0,0.0,0.0,0.0,0.0,0.0,0.0,0,0,0,0,0,0,0,0,0,0,0,0,0,0,-1,-1,0,0,0,0,NeedManualLabel
FE80:0000:0000:0000:0042:71FF:FEA2:DD00-FF02:0000:0000:0000:0000:0000:0000:0002-0-0-0,FE80:0000:0000:0000:0042:71FF:FEA2:DD00,0,FF02:0000:0000:0000:0000:0000:0000:0002,0,0,1970-01-21 05:02:19.336508,212992,3,0,0.0,0.0,0.0,0.0,0.0,0.0,0,0,0,0,0.0,14.085036057692308,106496.0,52127.91190907228,143356.0,69636.0,212992.0,106496.0,52127.91190907228,143356.0,69636.0,0,0,0,0,0,0,0,0,0,0,0,0,0,14.085036057692308,0.0,0.0,0.0,0.0,0.0,0.0,0,0,0,0,0,0,0,0,0.0,0.0,0.0,0.0,0.0,0.0,0.0,0.0,0.0,0.0,0.0,0.0,0.0,0.0,0,0,0,0,0,0,0,0,0,0,0,0,0,0,-1,-1,0,0,0,0,NeedManualLabel
FE80:0000:0000:0000:0042:3AFF:FE08:F900-FF02:0000:0000:0000:0000:0000:0000:0016-0-0-0,FE80:0000:0000:0000:0042:3AFF:FE08:F900,0,FF02:0000:0000:0000:0000:0000:0000:0016,0,0,1970-01-21 05:02:19.418751,637,2,0,0.0,0.0,0.0,0.0,0.0,0.0,0,0,0,0,0.0,3139.717425431711,637.0,0.0,637.0,637.0,637.0,637.0,0.0,637.0,637.0,0,0,0,0,0,0,0,0,0,0,0,0,0,3139.717425431711,0.0,0.0,0.0,0.0,0.0,0.0,0,0,0,0,0,0,0,0,0.0,0.0,0.0,0.0,0.0,0.0,0.0,0.0,0.0,0.0,0.0,0.0,0.0,0.0,0,0,0,0,0,0,0,0,0,0,0,0,0,0,-1,-1,0,0,0,0,NeedManualLabel
FE80:0000:0000:0000:0042:8DFF:FE5C:2000-FF02:0000:0000:0000:0000:0000:0000:0002-0-0-0,FE80:0000:0000:0000:0042:8DFF:FE5C:2000,0,FF02:0000:0000:0000:0000:0000:0000:0002,0,0,1970-01-21 05:02:19.350718,252029,7,0,0.0,0.0,0.0,0.0,0.0,0.0,0,0,0,0,0.0,27.774581496573806,42004.833333333336,47231.44338009021,126973.0,3842.0,252029.0,42004.833333333336,47231.44338009021,126973.0,3842.0,0,0,0,0,0,0,0,0,0,0,0,0,0,27.774581496573806,0.0,0.0,0.0,0.0,0.0,0.0,0,0,0,0,0,0,0,0,0.0,0.0,0.0,0.0,0.0,0.0,0.0,0.0,0.0,0.0,0.0,0.0,0.0,0.0,0,0,0,0,0,0,0,0,0,0,0,0,0,0,-1,-1,0,0,0,0,NeedManualLabel
FE80:0000:0000:0000:0042:54FF:FEB3:5800-FF02:0000:0000:0000:0000:0000:0000:0016-0-0-0,FE80:0000:0000:0000:0042:54FF:FEB3:5800,0,FF02:0000:0000:0000:0000:0000:0000:0016,0,0,1970-01-21 05:02:19.358335,287,2,0,0.0,0.0,0.0,0.0,0.0,0.0,0,0,0,0,0.0,6968.641114982579,287.0,0.0,287.0,287.0,287.0,287.0,0.0,287.0,287.0,0,0,0,0,0,0,0,0,0,0,0,0,0,6968.641114982579,0.0,0.0,0.0,0.0,0.0,0.0,0,0,0,0,0,0,0,0,0.0,0.0,0.0,0.0,0.0,0.0,0.0,0.0,0.0,0.0,0.0,0.0,0.0,0.0,0,0,0,0,0,0,0,0,0,0,0,0,0,0,-1,-1,0,0,0,0,NeedManualLabel
FE80:0000:0000:0000:0042:EBFF:FEC0:8B08-FF02:0000:0000:0000:0000:0000:0000:0002-0-0-0,FE80:0000:0000:0000:0042:EBFF:FEC0:8B08,0,FF02:0000:0000:0000:0000:0000:0000:0002,0,0,1970-01-21 05:02:19.344698,200703,3,0,0.0,0.0,0.0,0.0,0.0,0.0,0,0,0,0,0.0,14.947459679227515,100351.5,43445.347742882666,131072.0,69631.0,200703.0,100351.5,43445.347742882666,131072.0,69631.0,0,0,0,0,0,0,0,0,0,0,0,0,0,14.947459679227515,0.0,0.0,0.0,0.0,0.0,0.0,0,0,0,0,0,0,0,0,0.0,0.0,0.0,0.0,0.0,0.0,0.0,0.0,0.0,0.0,0.0,0.0,0.0,0.0,0,0,0,0,0,0,0,0,0,0,0,0,0,0,-1,-1,0,0,0,0,NeedManualLabel
::-FF02:0000:0000:0000:0000:0001:FF91:1C00-0-0-0,::,0,FF02:0000:0000:0000:0000:0001:FF91:1C00,0,0,1970-01-21 05:02:19.360598,0,1,0,0.0,0.0,0.0,0.0,0.0,0.0,0,0,0,0,-1,-1,0.0,0.0,0.0,0.0,0,0,0,0,0,0,0,0,0,0,0,0,0,0,0,0,0,0,0.0,0.0,0.0,0.0,0.0,0.0,0.0,0,0,0,0,0,0,0,0,0.0,0.0,0.0,0.0,0.0,0.0,0.0,0.0,0.0,0.0,0.0,0.0,0.0,0.0,0,0,0,0,0,0,0,0,0,0,0,0,0,0,-1,-1,0,0,0,0,NeedManualLabel
FE80:0000:0000:0000:0042:0CFF:FE12:5E00-FF02:0000:0000:0000:0000:0000:0000:0016-0-0-0,FE80:0000:0000:0000:0042:0CFF:FE12:5E00,0,FF02:0000:0000:0000:0000:0000:0000:0016,0,0,1970-01-21 05:02:19.416187,711,2,0,0.0,0.0,0.0,0.0,0.0,0.0,0,0,0,0,0.0,2812.939521800281,711.0,0.0,711.0,711.0,711.0,711.0,0.0,711.0,711.0,0,0,0,0,0,0,0,0,0,0,0,0,0,2812.939521800281,0.0,0.0,0.0,0.0,0.0,0.0,0,0,0,0,0,0,0,0,0.0,0.0,0.0,0.0,0.0,0.0,0.0,0.0,0.0,0.0,0.0,0.0,0.0,0.0,0,0,0,0,0,0,0,0,0,0,0,0,0,0,-1,-1,0,0,0,0,NeedManualLabel
::-FF02:0000:0000:0000:0000:0001:FF11:3400-0-0-0,::,0,FF02:0000:0000:0000:0000:0001:FF11:3400,0,0,1970-01-21 05:02:19.364478,0,1,0,0.0,0.0,0.0,0.0,0.0,0.0,0,0,0,0,-1,-1,0.0,0.0,0.0,0.0,0,0,0,0,0,0,0,0,0,0,0,0,0,0,0,0,0,0,0.0,0.0,0.0,0.0,0.0,0.0,0.0,0,0,0,0,0,0,0,0,0.0,0.0,0.0,0.0,0.0,0.0,0.0,0.0,0.0,0.0,0.0,0.0,0.0,0.0,0,0,0,0,0,0,0,0,0,0,0,0,0,0,-1,-1,0,0,0,0,NeedManualLabel
::-FF02:0000:0000:0000:0000:0001:FF59:BB00-0-0-0,::,0,FF02:0000:0000:0000:0000:0001:FF59:BB00,0,0,1970-01-21 05:02:19.426681,0,1,0,0.0,0.0,0.0,0.0,0.0,0.0,0,0,0,0,-1,-1,0.0,0.0,0.0,0.0,0,0,0,0,0,0,0,0,0,0,0,0,0,0,0,0,0,0,0.0,0.0,0.0,0.0,0.0,0.0,0.0,0,0,0,0,0,0,0,0,0.0,0.0,0.0,0.0,0.0,0.0,0.0,0.0,0.0,0.0,0.0,0.0,0.0,0.0,0,0,0,0,0,0,0,0,0,0,0,0,0,0,-1,-1,0,0,0,0,NeedManualLabel
::-FF02:0000:0000:0000:0000:0000:0000:0016-0-0-0,::,0,FF02:0000:0000:0000:0000:0000:0000:0016,0,0,1970-01-21 05:02:19.347063,80371,60,0,0.0,0.0,0.0,0.0,0.0,0.0,0,0,0,0,0.0,746.5379303480112,1362.220338983051,5884.713341003629,45708.0,32.0,80371.0,1362.220338983051,5884.713341003629,45708.0,32.0,0,0,0,0,0,0,0,0,0,0,0,0,0,746.5379303480112,0.0,0.0,0.0,0.0,0.0,0.0,0,0,0,0,0,0,0,0,0.0,0.0,0.0,0.0,0.0,0.0,0.0,0.0,0.0,0.0,0.0,0.0,0.0,0.0,0,0,0,0,0,0,0,0,0,0,0,0,0,0,-1,-1,0,0,0,0,NeedManualLabel
FE80:0000:0000:0000:0042:B7FF:FE74:5500-FF02:0000:0000:0000:0000:0000:0000:0016-0-0-0,FE80:0000:0000:0000:0042:B7FF:FE74:5500,0,FF02:0000:0000:0000:0000:0000:0000:0016,0,0,1970-01-21 05:02:19.354560,267,2,0,0.0,0.0,0.0,0.0,0.0,0.0,0,0,0,0,0.0,7490.636704119851,267.0,0.0,267.0,267.0,267.0,267.0,0.0,267.0,267.0,0,0,0,0,0,0,0,0,0,0,0,0,0,7490.636704119851,0.0,0.0,0.0,0.0,0.0,0.0,0,0,0,0,0,0,0,0,0.0,0.0,0.0,0.0,0.0,0.0,0.0,0.0,0.0,0.0,0.0,0.0,0.0,0.0,0,0,0,0,0,0,0,0,0,0,0,0,0,0,-1,-1,0,0,0,0,NeedManualLabel
FE80:0000:0000:0000:E4EA:70FF:FEFC:E548-FF02:0000:0000:0000:0000:0000:0000:0002-0-0-0,FE80:0000:0000:0000:E4EA:70FF:FEFC:E548,0,FF02:0000:0000:0000:0000:0000:0000:0002,0,0,1970-01-21 05:02:19.340608,204800,3,0,0.0,0.0,0.0,0.0,0.0,0.0,0,0,0,0,0.0,14.6484375,102400.0,46338.121584716835,135166.0,69634.0,204800.0,102400.0,46338.121584716835,135166.0,69634.0,0,0,0,0,0,0,0,0,0,0,0,0,0,14.6484375,0.0,0.0,0.0,0.0,0.0,0.0,0,0,0,0,0,0,0,0,0.0,0.0,0.0,0.0,0.0,0.0,0.0,0.0,0.0,0.0,0.0,0.0,0.0,0.0,0,0,0,0,0,0,0,0,0,0,0,0,0,0,-1,-1,0,0,0,0,NeedManualLabel
FE80:0000:0000:0000:0042:5AFF:FED6:FD00-FF02:0000:0000:0000:0000:0000:0000:0016-0-0-0,FE80:0000:0000:0000:0042:5AFF:FED6:FD00,0,FF02:0000:0000:0000:0000:0000:0000:0016,0,0,1970-01-21 05:02:19.353024,702,2,0,0.0,0.0,0.0,0.0,0.0,0.0,0,0,0,0,0.0,2849.002849002849,702.0,0.0,702.0,702.0,702.0,702.0,0.0,702.0,702.0,0,0,0,0,0,0,0,0,0,0,0,0,0,2849.002849002849,0.0,0.0,0.0,0.0,0.0,0.0,0,0,0,0,0,0,0,0,0.0,0.0,0.0,0.0,0.0,0.0,0.0,0.0,0.0,0.0,0.0,0.0,0.0,0.0,0,0,0,0,0,0,0,0,0,0,0,0,0,0,-1,-1,0,0,0,0,NeedManualLabel
::-FF02:0000:0000:0000:0000:0001:FF3E:0700-0-0-0,::,0,FF02:0000:0000:0000:0000:0001:FF3E:0700,0,0,1970-01-21 05:02:19.359869,0,1,0,0.0,0.0,0.0,0.0,0.0,0.0,0,0,0,0,-1,-1,0.0,0.0,0.0,0.0,0,0,0,0,0,0,0,0,0,0,0,0,0,0,0,0,0,0,0.0,0.0,0.0,0.0,0.0,0.0,0.0,0,0,0,0,0,0,0,0,0.0,0.0,0.0,0.0,0.0,0.0,0.0,0.0,0.0,0.0,0.0,0.0,0.0,0.0,0,0,0,0,0,0,0,0,0,0,0,0,0,0,-1,-1,0,0,0,0,NeedManualLabel
FE80:0000:0000:0000:0042:24FF:FE3E:0700-FF02:0000:0000:0000:0000:0000:0000:0002-0-0-0,FE80:0000:0000:0000:0042:24FF:FE3E:0700,0,FF02:0000:0000:0000:0000:0000:0000:0002,0,0,1970-01-21 05:02:19.360891,278723,7,0,0.0,0.0,0.0,0.0,0.0,0.0,0,0,0,0,0.0,25.114540242462947,46453.83333333333,53251.129694746065,143359.0,3782.0,278723.0,46453.83333333333,53251.129694746065,143359.0,3782.0,0,0,0,0,0,0,0,0,0,0,0,0,0,25.114540242462947,0.0,0.0,0.0,0.0,0.0,0.0,0,0,0,0,0,0,0,0,0.0,0.0,0.0,0.0,0.0,0.0,0.0,0.0,0.0,0.0,0.0,0.0,0.0,0.0,0,0,0,0,0,0,0,0,0,0,0,0,0,0,-1,-1,0,0,0,0,NeedManualLabel
FE80:0000:0000:0000:0042:E8FF:FE3F:6D00-FF02:0000:0000:0000:0000:0000:0000:0016-0-0-0,FE80:0000:0000:0000:0042:E8FF:FE3F:6D00,0,FF02:0000:0000:0000:0000:0000:0000:0016,0,0,1970-01-21 05:02:19.413952,416,2,0,0.0,0.0,0.0,0.0,0.0,0.0,0,0,0,0,0.0,4807.692307692308,416.0,0.0,416.0,416.0,416.0,416.0,0.0,416.0,416.0,0,0,0,0,0,0,0,0,0,0,0,0,0,4807.692307692308,0.0,0.0,0.0,0.0,0.0,0.0,0,0,0,0,0,0,0,0,0.0,0.0,0.0,0.0,0.0,0.0,0.0,0.0,0.0,0.0,0.0,0.0,0.0,0.0,0,0,0,0,0,0,0,0,0,0,0,0,0,0,-1,-1,0,0,0,0,NeedManualLabel
FE80:0000:0000:0000:0042:95FF:FE49:BF00-FF02:0000:0000:0000:0000:0000:0000:0002-0-0-0,FE80:0000:0000:0000:0042:95FF:FE49:BF00,0,FF02:0000:0000:0000:0000:0000:0000:0002,0,0,1970-01-21 05:02:19.355585,255359,7,0,0.0,0.0,0.0,0.0,0.0,0.0,0,0,0,0,0.0,27.412388049765234,42559.83333333333,46914.80186216997,126976.0,4478.0,255359.0,42559.83333333333,46914.80186216997,126976.0,4478.0,0,0,0,0,0,0,0,0,0,0,0,0,0,27.412388049765234,0.0,0.0,0.0,0.0,0.0,0.0,0,0,0,0,0,0,0,0,0.0,0.0,0.0,0.0,0.0,0.0,0.0,0.0,0.0,0.0,0.0,0.0,0.0,0.0,0,0,0,0,0,0,0,0,0,0,0,0,0,0,-1,-1,0,0,0,0,NeedManualLabel
::-FF02:0000:0000:0000:0000:0001:FFD1:FF00-0-0-0,::,0,FF02:0000:0000:0000:0000:0001:FFD1:FF00,0,0,1970-01-21 05:02:19.425402,0,1,0,0.0,0.0,0.0,0.0,0.0,0.0,0,0,0,0,-1,-1,0.0,0.0,0.0,0.0,0,0,0,0,0,0,0,0,0,0,0,0,0,0,0,0,0,0,0.0,0.0,0.0,0.0,0.0,0.0,0.0,0,0,0,0,0,0,0,0,0.0,0.0,0.0,0.0,0.0,0.0,0.0,0.0,0.0,0.0,0.0,0.0,0.0,0.0,0,0,0,0,0,0,0,0,0,0,0,0,0,0,-1,-1,0,0,0,0,NeedManualLabel
FE80:0000:0000:0000:0042:ADFF:FEB5:AB00-FF02:0000:0000:0000:0000:0000:0000:0002-0-0-0,FE80:0000:0000:0000:0042:ADFF:FEB5:AB00,0,FF02:0000:0000:0000:0000:0000:0000:0002,0,0,1970-01-21 05:02:19.411773,29694,4,0,0.0,0.0,0.0,0.0,0.0,0.0,0,0,0,0,0.0,134.70734828584898,9898.0,6319.14258424353,16895.0,4607.0,29694.0,9898.0,6319.14258424353,16895.0,4607.0,0,0,0,0,0,0,0,0,0,0,0,0,0,134.70734828584898,0.0,0.0,0.0,0.0,0.0,0.0,0,0,0,0,0,0,0,0,0.0,0.0,0.0,0.0,0.0,0.0,0.0,0.0,0.0,0.0,0.0,0.0,0.0,0.0,0,0,0,0,0,0,0,0,0,0,0,0,0,0,-1,-1,0,0,0,0,NeedManualLabel
::-FF02:0000:0000:0000:0000:0001:FF5C:2000-0-0-0,::,0,FF02:0000:0000:0000:0000:0001:FF5C:2000,0,0,1970-01-21 05:02:19.349655,0,1,0,0.0,0.0,0.0,0.0,0.0,0.0,0,0,0,0,-1,-1,0.0,0.0,0.0,0.0,0,0,0,0,0,0,0,0,0,0,0,0,0,0,0,0,0,0,0.0,0.0,0.0,0.0,0.0,0.0,0.0,0,0,0,0,0,0,0,0,0.0,0.0,0.0,0.0,0.0,0.0,0.0,0.0,0.0,0.0,0.0,0.0,0.0,0.0,0,0,0,0,0,0,0,0,0,0,0,0,0,0,-1,-1,0,0,0,0,NeedManualLabel
::-FF02:0000:0000:0000:0000:0001:FFD6:FD00-0-0-0,::,0,FF02:0000:0000:0000:0000:0001:FFD6:FD00,0,0,1970-01-21 05:02:19.352015,0,1,0,0.0,0.0,0.0,0.0,0.0,0.0,0,0,0,0,-1,-1,0.0,0.0,0.0,0.0,0,0,0,0,0,0,0,0,0,0,0,0,0,0,0,0,0,0,0.0,0.0,0.0,0.0,0.0,0.0,0.0,0,0,0,0,0,0,0,0,0.0,0.0,0.0,0.0,0.0,0.0,0.0,0.0,0.0,0.0,0.0,0.0,0.0,0.0,0,0,0,0,0,0,0,0,0,0,0,0,0,0,-1,-1,0,0,0,0,NeedManualLabel
FE80:0000:0000:0000:0042:80FF:FE55:FF00-FF02:0000:0000:0000:0000:0000:0000:0016-0-0-0,FE80:0000:0000:0000:0042:80FF:FE55:FF00,0,FF02:0000:0000:0000:0000:0000:0000:0016,0,0,1970-01-21 05:02:19.364030,1024,2,0,0.0,0.0,0.0,0.0,0.0,0.0,0,0,0,0,0.0,1953.125,1024.0,0.0,1024.0,1024.0,1024.0,1024.0,0.0,1024.0,1024.0,0,0,0,0,0,0,0,0,0,0,0,0,0,1953.125,0.0,0.0,0.0,0.0,0.0,0.0,0,0,0,0,0,0,0,0,0.0,0.0,0.0,0.0,0.0,0.0,0.0,0.0,0.0,0.0,0.0,0.0,0.0,0.0,0,0,0,0,0,0,0,0,0,0,0,0,0,0,-1,-1,0,0,0,0,NeedManualLabel
::-FF02:0000:0000:0000:0000:0001:FFB5:E300-0-0-0,::,0,FF02:0000:0000:0000:0000:0001:FFB5:E300,0,0,1970-01-21 05:02:19.427443,0,1,0,0.0,0.0,0.0,0.0,0.0,0.0,0,0,0,0,-1,-1,0.0,0.0,0.0,0.0,0,0,0,0,0,0,0,0,0,0,0,0,0,0,0,0,0,0,0.0,0.0,0.0,0.0,0.0,0.0,0.0,0,0,0,0,0,0,0,0,0.0,0.0,0.0,0.0,0.0,0.0,0.0,0.0,0.0,0.0,0.0,0.0,0.0,0.0,0,0,0,0,0,0,0,0,0,0,0,0,0,0,-1,-1,0,0,0,0,NeedManualLabel
FE80:0000:0000:0000:5C8B:9FFF:FE45:7D47-FF02:0000:0000:0000:0000:0000:0000:0002-0-0-0,FE80:0000:0000:0000:5C8B:9FFF:FE45:7D47,0,FF02:0000:0000:0000:0000:0000:0000:0002,0,0,1970-01-21 05:02:19.340608,212991,3,0,0.0,0.0,0.0,0.0,0.0,0.0,0,0,0,0,0.0,14.08510218741637,106495.5,46344.48554574751,139266.0,73725.0,212991.0,106495.5,46344.48554574751,139266.0,73725.0,0,0,0,0,0,0,0,0,0,0,0,0,0,14.08510218741637,0.0,0.0,0.0,0.0,0.0,0.0,0,0,0,0,0,0,0,0,0.0,0.0,0.0,0.0,0.0,0.0,0.0,0.0,0.0,0.0,0.0,0.0,0.0,0.0,0,0,0,0,0,0,0,0,0,0,0,0,0,0,-1,-1,0,0,0,0,NeedManualLabel
::-FF02:0000:0000:0000:0000:0001:FF05:9700-0-0-0,::,0,FF02:0000:0000:0000:0000:0001:FF05:9700,0,0,1970-01-21 05:02:19.413952,0,1,0,0.0,0.0,0.0,0.0,0.0,0.0,0,0,0,0,-1,-1,0.0,0.0,0.0,0.0,0,0,0,0,0,0,0,0,0,0,0,0,0,0,0,0,0,0,0.0,0.0,0.0,0.0,0.0,0.0,0.0,0,0,0,0,0,0,0,0,0.0,0.0,0.0,0.0,0.0,0.0,0.0,0.0,0.0,0.0,0.0,0.0,0.0,0.0,0,0,0,0,0,0,0,0,0,0,0,0,0,0,-1,-1,0,0,0,0,NeedManualLabel
FE80:0000:0000:0000:0042:35FF:FE7C:1B00-FF02:0000:0000:0000:0000:0000:0000:0002-0-0-0,FE80:0000:0000:0000:0042:35FF:FE7C:1B00,0,FF02:0000:0000:0000:0000:0000:0000:0002,0,0,1970-01-21 05:02:19.352512,246143,7,0,0.0,0.0,0.0,0.0,0.0,0.0,0,0,0,0,0.0,28.4387530825577,41023.83333333333,45861.31626291014,122879.0,3903.0,246143.0,41023.83333333333,45861.31626291014,122879.0,3903.0,0,0,0,0,0,0,0,0,0,0,0,0,0,28.4387530825577,0.0,0.0,0.0,0.0,0.0,0.0,0,0,0,0,0,0,0,0,0.0,0.0,0.0,0.0,0.0,0.0,0.0,0.0,0.0,0.0,0.0,0.0,0.0,0.0,0,0,0,0,0,0,0,0,0,0,0,0,0,0,-1,-1,0,0,0,0,NeedManualLabel
::-FF02:0000:0000:0000:0000:0001:FF12:5E00-0-0-0,::,0,FF02:0000:0000:0000:0000:0001:FF12:5E00,0,0,1970-01-21 05:02:19.415142,0,1,0,0.0,0.0,0.0,0.0,0.0,0.0,0,0,0,0,-1,-1,0.0,0.0,0.0,0.0,0,0,0,0,0,0,0,0,0,0,0,0,0,0,0,0,0,0,0.0,0.0,0.0,0.0,0.0,0.0,0.0,0,0,0,0,0,0,0,0,0.0,0.0,0.0,0.0,0.0,0.0,0.0,0.0,0.0,0.0,0.0,0.0,0.0,0.0,0,0,0,0,0,0,0,0,0,0,0,0,0,0,-1,-1,0,0,0,0,NeedManualLabel
FE80:0000:0000:0000:0042:A8FF:FE6B:1F00-FF02:0000:0000:0000:0000:0000:0000:0016-0-0-0,FE80:0000:0000:0000:0042:A8FF:FE6B:1F00,0,FF02:0000:0000:0000:0000:0000:0000:0016,0,0,1970-01-21 05:02:19.425148,215,2,0,0.0,0.0,0.0,0.0,0.0,0.0,0,0,0,0,0.0,9302.32558139535,215.0,0.0,215.0,215.0,215.0,215.0,0.0,215.0,215.0,0,0,0,0,0,0,0,0,0,0,0,0,0,9302.32558139535,0.0,0.0,0.0,0.0,0.0,0.0,0,0,0,0,0,0,0,0,0.0,0.0,0.0,0.0,0.0,0.0,0.0,0.0,0.0,0.0,0.0,0.0,0.0,0.0,0,0,0,0,0,0,0,0,0,0,0,0,0,0,-1,-1,0,0,0,0,NeedManualLabel
FE80:0000:0000:0000:0C77:61FF:FEA7:2B46-FF02:0000:0000:0000:0000:0000:0000:0002-0-0-0,FE80:0000:0000:0000:0C77:61FF:FEA7:2B46,0,FF02:0000:0000:0000:0000:0000:0000:0002,0,0,1970-01-21 05:02:19.369277,360448,3,0,0.0,0.0,0.0,0.0,0.0,0.0,0,0,0,0,0.0,8.322975852272727,180224.0,86889.28127220296,241664.0,118784.0,360448.0,180224.0,86889.28127220296,241664.0,118784.0,0,0,0,0,0,0,0,0,0,0,0,0,0,8.322975852272727,0.0,0.0,0.0,0.0,0.0,0.0,0,0,0,0,0,0,0,0,0.0,0.0,0.0,0.0,0.0,0.0,0.0,0.0,0.0,0.0,0.0,0.0,0.0,0.0,0,0,0,0,0,0,0,0,0,0,0,0,0,0,-1,-1,0,0,0,0,NeedManualLabel
FE80:0000:0000:0000:0042:23FF:FE13:B600-FF02:0000:0000:0000:0000:0000:0000:0016-0-0-0,FE80:0000:0000:0000:0042:23FF:FE13:B600,0,FF02:0000:0000:0000:0000:0000:0000:0016,0,0,1970-01-21 05:02:19.412730,387,2,0,0.0,0.0,0.0,0.0,0.0,0.0,0,0,0,0,0.0,5167.958656330749,387.0,0.0,387.0,387.0,387.0,387.0,0.0,387.0,387.0,0,0,0,0,0,0,0,0,0,0,0,0,0,5167.958656330749,0.0,0.0,0.0,0.0,0.0,0.0,0,0,0,0,0,0,0,0,0.0,0.0,0.0,0.0,0.0,0.0,0.0,0.0,0.0,0.0,0.0,0.0,0.0,0.0,0,0,0,0,0,0,0,0,0,0,0,0,0,0,-1,-1,0,0,0,0,NeedManualLabel
::-FF02:0000:0000:0000:0000:0001:FF13:B600-0-0-0,::,0,FF02:0000:0000:0000:0000:0001:FF13:B600,0,0,1970-01-21 05:02:19.411709,0,1,0,0.0,0.0,0.0,0.0,0.0,0.0,0,0,0,0,-1,-1,0.0,0.0,0.0,0.0,0,0,0,0,0,0,0,0,0,0,0,0,0,0,0,0,0,0,0.0,0.0,0.0,0.0,0.0,0.0,0.0,0,0,0,0,0,0,0,0,0.0,0.0,0.0,0.0,0.0,0.0,0.0,0.0,0.0,0.0,0.0,0.0,0.0,0.0,0,0,0,0,0,0,0,0,0,0,0,0,0,0,-1,-1,0,0,0,0,NeedManualLabel
FE80:0000:0000:0000:0042:08FF:FE1B:9A00-FF02:0000:0000:0000:0000:0000:0000:0002-0-0-0,FE80:0000:0000:0000:0042:08FF:FE1B:9A00,0,FF02:0000:0000:0000:0000:0000:0000:0002,0,0,1970-01-21 05:02:19.420540,30143,4,0,0.0,0.0,0.0,0.0,0.0,0.0,0,0,0,0,0.0,132.7007928872375,10047.666666666666,6284.828743357557,16896.0,4544.0,30143.0,10047.666666666666,6284.828743357557,16896.0,4544.0,0,0,0,0,0,0,0,0,0,0,0,0,0,132.7007928872375,0.0,0.0,0.0,0.0,0.0,0.0,0,0,0,0,0,0,0,0,0.0,0.0,0.0,0.0,0.0,0.0,0.0,0.0,0.0,0.0,0.0,0.0,0.0,0.0,0,0,0,0,0,0,0,0,0,0,0,0,0,0,-1,-1,0,0,0,0,NeedManualLabel
FE80:0000:0000:0000:0042:DDFF:FE06:D800-FF02:0000:0000:0000:0000:0000:0000:0002-0-0-0,FE80:0000:0000:0000:0042:DDFF:FE06:D800,0,FF02:0000:0000:0000:0000:0000:0000:0002,0,0,1970-01-21 05:02:19.422331,27839,4,0,0.0,0.0,0.0,0.0,0.0,0.0,0,0,0,0,0.0,143.6833219584037,9279.666666666666,6474.249325854954,16384.0,3712.0,27839.0,9279.666666666666,6474.249325854954,16384.0,3712.0,0,0,0,0,0,0,0,0,0,0,0,0,0,143.6833219584037,0.0,0.0,0.0,0.0,0.0,0.0,0,0,0,0,0,0,0,0,0.0,0.0,0.0,0.0,0.0,0.0,0.0,0.0,0.0,0.0,0.0,0.0,0.0,0.0,0,0,0,0,0,0,0,0,0,0,0,0,0,0,-1,-1,0,0,0,0,NeedManualLabel
FE80:0000:0000:0000:0042:CDFF:FE52:CE00-FF02:0000:0000:0000:0000:0000:0000:0016-0-0-0,FE80:0000:0000:0000:0042:CDFF:FE52:CE00,0,FF02:0000:0000:0000:0000:0000:0000:0016,0,0,1970-01-21 05:02:19.349243,901,2,0,0.0,0.0,0.0,0.0,0.0,0.0,0,0,0,0,0.0,2219.7558268590456,901.0,0.0,901.0,901.0,901.0,901.0,0.0,901.0,901.0,0,0,0,0,0,0,0,0,0,0,0,0,0,2219.7558268590456,0.0,0.0,0.0,0.0,0.0,0.0,0,0,0,0,0,0,0,0,0.0,0.0,0.0,0.0,0.0,0.0,0.0,0.0,0.0,0.0,0.0,0.0,0.0,0.0,0,0,0,0,0,0,0,0,0,0,0,0,0,0,-1,-1,0,0,0,0,NeedManualLabel
::-FF02:0000:0000:0000:0000:0001:FF08:F900-0-0-0,::,0,FF02:0000:0000:0000:0000:0001:FF08:F900,0,0,1970-01-21 05:02:19.417742,0,1,0,0.0,0.0,0.0,0.0,0.0,0.0,0,0,0,0,-1,-1,0.0,0.0,0.0,0.0,0,0,0,0,0,0,0,0,0,0,0,0,0,0,0,0,0,0,0.0,0.0,0.0,0.0,0.0,0.0,0.0,0,0,0,0,0,0,0,0,0.0,0.0,0.0,0.0,0.0,0.0,0.0,0.0,0.0,0.0,0.0,0.0,0.0,0.0,0,0,0,0,0,0,0,0,0,0,0,0,0,0,-1,-1,0,0,0,0,NeedManualLabel
FE80:0000:0000:0000:0042:ADFF:FEB5:AB00-FF02:0000:0000:0000:0000:0000:0000:0016-0-0-0,FE80:0000:0000:0000:0042:ADFF:FEB5:AB00,0,FF02:0000:0000:0000:0000:0000:0000:0016,0,0,1970-01-21 05:02:19.411773,25,2,0,0.0,0.0,0.0,0.0,0.0,0.0,0,0,0,0,0.0,80000.0,25.0,0.0,25.0,25.0,25.0,25.0,0.0,25.0,25.0,0,0,0,0,0,0,0,0,0,0,0,0,0,80000.0,0.0,0.0,0.0,0.0,0.0,0.0,0,0,0,0,0,0,0,0,0.0,0.0,0.0,0.0,0.0,0.0,0.0,0.0,0.0,0.0,0.0,0.0,0.0,0.0,0,0,0,0,0,0,0,0,0,0,0,0,0,0,-1,-1,0,0,0,0,NeedManualLabel
FE80:0000:0000:0000:0042:F2FF:FED5:BC00-FF02:0000:0000:0000:0000:0000:0000:0002-0-0-0,FE80:0000:0000:0000:0042:F2FF:FED5:BC00,0,FF02:0000:0000:0000:0000:0000:0000:0002,0,0,1970-01-21 05:02:19.356799,274624,7,0,0.0,0.0,0.0,0.0,0.0,0.0,0,0,0,0,0.0,25.489396411092986,45770.66666666667,53433.75866871679,143359.0,4287.0,274624.0,45770.66666666667,53433.75866871679,143359.0,4287.0,0,0,0,0,0,0,0,0,0,0,0,0,0,25.489396411092986,0.0,0.0,0.0,0.0,0.0,0.0,0,0,0,0,0,0,0,0,0.0,0.0,0.0,0.0,0.0,0.0,0.0,0.0,0.0,0.0,0.0,0.0,0.0,0.0,0,0,0,0,0,0,0,0,0,0,0,0,0,0,-1,-1,0,0,0,0,NeedManualLabel
FE80:0000:0000:0000:0042:BDFF:FEB1:8C00-FF02:0000:0000:0000:0000:0000:0000:0016-0-0-0,FE80:0000:0000:0000:0042:BDFF:FEB1:8C00,0,FF02:0000:0000:0000:0000:0000:0000:0016,0,0,1970-01-21 05:02:19.421564,26,2,0,0.0,0.0,0.0,0.0,0.0,0.0,0,0,0,0,0.0,76923.07692307692,26.0,0.0,26.0,26.0,26.0,26.0,0.0,26.0,26.0,0,0,0,0,0,0,0,0,0,0,0,0,0,76923.07692307692,0.0,0.0,0.0,0.0,0.0,0.0,0,0,0,0,0,0,0,0,0.0,0.0,0.0,0.0,0.0,0.0,0.0,0.0,0.0,0.0,0.0,0.0,0.0,0.0,0,0,0,0,0,0,0,0,0,0,0,0,0,0,-1,-1,0,0,0,0,NeedManualLabel
FE80:0000:0000:0000:0042:17FF:FE91:1C00-FF02:0000:0000:0000:0000:0000:0000:0002-0-0-0,FE80:0000:0000:0000:0042:17FF:FE91:1C00,0,FF02:0000:0000:0000:0000:0000:0000:0002,0,0,1970-01-21 05:02:19.361664,265662,7,0,0.0,0.0,0.0,0.0,0.0,0.0,0,0,0,0,0.0,26.34927087803299,44277.0,48612.871842753746,131071.0,4541.0,265662.0,44277.0,48612.871842753746,131071.0,4541.0,0,0,0,0,0,0,0,0,0,0,0,0,0,26.34927087803299,0.0,0.0,0.0,0.0,0.0,0.0,0,0,0,0,0,0,0,0,0.0,0.0,0.0,0.0,0.0,0.0,0.0,0.0,0.0,0.0,0.0,0.0,0.0,0.0,0,0,0,0,0,0,0,0,0,0,0,0,0,0,-1,-1,0,0,0,0,NeedManualLabel
::-FF02:0000:0000:0000:0000:0001:FFDA:4400-0-0-0,::,0,FF02:0000:0000:0000:0000:0001:FFDA:4400,0,0,1970-01-21 05:02:19.358272,0,1,0,0.0,0.0,0.0,0.0,0.0,0.0,0,0,0,0,-1,-1,0.0,0.0,0.0,0.0,0,0,0,0,0,0,0,0,0,0,0,0,0,0,0,0,0,0,0.0,0.0,0.0,0.0,0.0,0.0,0.0,0,0,0,0,0,0,0,0,0.0,0.0,0.0,0.0,0.0,0.0,0.0,0.0,0.0,0.0,0.0,0.0,0.0,0.0,0,0,0,0,0,0,0,0,0,0,0,0,0,0,-1,-1,0,0,0,0,NeedManualLabel
FE80:0000:0000:0000:0042:2BFF:FE05:9700-FF02:0000:0000:0000:0000:0000:0000:0016-0-0-0,FE80:0000:0000:0000:0042:2BFF:FE05:9700,0,FF02:0000:0000:0000:0000:0000:0000:0016,0,0,1970-01-21 05:02:19.414971,1028,2,0,0.0,0.0,0.0,0.0,0.0,0.0,0,0,0,0,0.0,1945.5252918287936,1028.0,0.0,1028.0,1028.0,1028.0,1028.0,0.0,1028.0,1028.0,0,0,0,0,0,0,0,0,0,0,0,0,0,1945.5252918287936,0.0,0.0,0.0,0.0,0.0,0.0,0,0,0,0,0,0,0,0,0.0,0.0,0.0,0.0,0.0,0.0,0.0,0.0,0.0,0.0,0.0,0.0,0.0,0.0,0,0,0,0,0,0,0,0,0,0,0,0,0,0,-1,-1,0,0,0,0,NeedManualLabel
FE80:0000:0000:0000:0042:24FF:FEF9:D500-FF02:0000:0000:0000:0000:0000:0000:0016-0-0-0,FE80:0000:0000:0000:0042:24FF:FEF9:D500,0,FF02:0000:0000:0000:0000:0000:0000:0016,0,0,1970-01-21 05:02:19.363134,505,2,0,0.0,0.0,0.0,0.0,0.0,0.0,0,0,0,0,0.0,3960.39603960396,505.0,0.0,505.0,505.0,505.0,505.0,0.0,505.0,505.0,0,0,0,0,0,0,0,0,0,0,0,0,0,3960.39603960396,0.0,0.0,0.0,0.0,0.0,0.0,0,0,0,0,0,0,0,0,0.0,0.0,0.0,0.0,0.0,0.0,0.0,0.0,0.0,0.0,0.0,0.0,0.0,0.0,0,0,0,0,0,0,0,0,0,0,0,0,0,0,-1,-1,0,0,0,0,NeedManualLabel
FE80:0000:0000:0000:0042:7CFF:FE11:3400-FF02:0000:0000:0000:0000:0000:0000:0002-0-0-0,FE80:0000:0000:0000:0042:7CFF:FE11:3400,0,FF02:0000:0000:0000:0000:0000:0000:0002,0,0,1970-01-21 05:02:19.365499,253635,7,0,0.0,0.0,0.0,0.0,0.0,0.0,0,0,0,0,0.0,27.598714688430224,42272.5,48627.02396301875,131073.0,3651.0,253635.0,42272.5,48627.02396301875,131073.0,3651.0,0,0,0,0,0,0,0,0,0,0,0,0,0,27.598714688430224,0.0,0.0,0.0,0.0,0.0,0.0,0,0,0,0,0,0,0,0,0.0,0.0,0.0,0.0,0.0,0.0,0.0,0.0,0.0,0.0,0.0,0.0,0.0,0.0,0,0,0,0,0,0,0,0,0,0,0,0,0,0,-1,-1,0,0,0,0,NeedManualLabel
FE80:0000:0000:0000:0042:3AFF:FE08:F900-FF02:0000:0000:0000:0000:0000:0000:0002-0-0-0,FE80:0000:0000:0000:0042:3AFF:FE08:F900,0,FF02:0000:0000:0000:0000:0000:0000:0002,0,0,1970-01-21 05:02:19.418751,26302,4,0,0.0,0.0,0.0,0.0,0.0,0.0,0,0,0,0,0.0,152.0796897574329,8767.333333333334,5615.573553372205,14846.0,3773.0,26302.0,8767.333333333334,5615.573553372205,14846.0,3773.0,0,0,0,0,0,0,0,0,0,0,0,0,0,152.0796897574329,0.0,0.0,0.0,0.0,0.0,0.0,0,0,0,0,0,0,0,0,0.0,0.0,0.0,0.0,0.0,0.0,0.0,0.0,0.0,0.0,0.0,0.0,0.0,0.0,0,0,0,0,0,0,0,0,0,0,0,0,0,0,-1,-1,0,0,0,0,NeedManualLabel
FE80:0000:0000:0000:0042:0FFF:FEB1:CE00-FF02:0000:0000:0000:0000:0000:0000:0016-0-0-0,FE80:0000:0000:0000:0042:0FFF:FEB1:CE00,0,FF02:0000:0000:0000:0000:0000:0000:0016,0,0,1970-01-21 05:02:19.348993,1023,2,0,0.0,0.0,0.0,0.0,0.0,0.0,0,0,0,0,0.0,1955.0342130987292,1023.0,0.0,1023.0,1023.0,1023.0,1023.0,0.0,1023.0,1023.0,0,0,0,0,0,0,0,0,0,0,0,0,0,1955.0342130987292,0.0,0.0,0.0,0.0,0.0,0.0,0,0,0,0,0,0,0,0,0.0,0.0,0.0,0.0,0.0,0.0,0.0,0.0,0.0,0.0,0.0,0.0,0.0,0.0,0,0,0,0,0,0,0,0,0,0,0,0,0,0,-1,-1,0,0,0,0,NeedManualLabel
FE80:0000:0000:0000:0042:17FF:FE91:1C00-FF02:0000:0000:0000:0000:0000:0000:0016-0-0-0,FE80:0000:0000:0000:0042:17FF:FE91:1C00,0,FF02:0000:0000:0000:0000:0000:0000:0016,0,0,1970-01-21 05:02:19.361664,1023,2,0,0.0,0.0,0.0,0.0,0.0,0.0,0,0,0,0,0.0,1955.0342130987292,1023.0,0.0,1023.0,1023.0,1023.0,1023.0,0.0,1023.0,1023.0,0,0,0,0,0,0,0,0,0,0,0,0,0,1955.0342130987292,0.0,0.0,0.0,0.0,0.0,0.0,0,0,0,0,0,0,0,0,0.0,0.0,0.0,0.0,0.0,0.0,0.0,0.0,0.0,0.0,0.0,0.0,0.0,0.0,0,0,0,0,0,0,0,0,0,0,0,0,0,0,-1,-1,0,0,0,0,NeedManualLabel
FE80:0000:0000:0000:0042:8DFF:FE5C:2000-FF02:0000:0000:0000:0000:0000:0000:0016-0-0-0,FE80:0000:0000:0000:0042:8DFF:FE5C:2000,0,FF02:0000:0000:0000:0000:0000:0000:0016,0,0,1970-01-21 05:02:19.350718,160,2,0,0.0,0.0,0.0,0.0,0.0,0.0,0,0,0,0,0.0,12499.999999999998,160.0,0.0,160.0,160.0,160.0,160.0,0.0,160.0,160.0,0,0,0,0,0,0,0,0,0,0,0,0,0,12499.999999999998,0.0,0.0,0.0,0.0,0.0,0.0,0,0,0,0,0,0,0,0,0.0,0.0,0.0,0.0,0.0,0.0,0.0,0.0,0.0,0.0,0.0,0.0,0.0,0.0,0,0,0,0,0,0,0,0,0,0,0,0,0,0,-1,-1,0,0,0,0,NeedManualLabel
FE80:0000:0000:0000:0042:24FF:FE3E:0700-FF02:0000:0000:0000:0000:0000:0000:0016-0-0-0,FE80:0000:0000:0000:0042:24FF:FE3E:0700,0,FF02:0000:0000:0000:0000:0000:0000:0016,0,0,1970-01-21 05:02:19.360891,709,2,0,0.0,0.0,0.0,0.0,0.0,0.0,0,0,0,0,0.0,2820.8744710860365,709.0,0.0,709.0,709.0,709.0,709.0,0.0,709.0,709.0,0,0,0,0,0,0,0,0,0,0,0,0,0,2820.8744710860365,0.0,0.0,0.0,0.0,0.0,0.0,0,0,0,0,0,0,0,0,0.0,0.0,0.0,0.0,0.0,0.0,0.0,0.0,0.0,0.0,0.0,0.0,0.0,0.0,0,0,0,0,0,0,0,0,0,0,0,0,0,0,-1,-1,0,0,0,0,NeedManualLabel
::-FF02:0000:0000:0000:0000:0001:FFB5:AB00-0-0-0,::,0,FF02:0000:0000:0000:0000:0001:FFB5:AB00,0,0,1970-01-21 05:02:19.410749,0,1,0,0.0,0.0,0.0,0.0,0.0,0.0,0,0,0,0,-1,-1,0.0,0.0,0.0,0.0,0,0,0,0,0,0,0,0,0,0,0,0,0,0,0,0,0,0,0.0,0.0,0.0,0.0,0.0,0.0,0.0,0,0,0,0,0,0,0,0,0.0,0.0,0.0,0.0,0.0,0.0,0.0,0.0,0.0,0.0,0.0,0.0,0.0,0.0,0,0,0,0,0,0,0,0,0,0,0,0,0,0,-1,-1,0,0,0,0,NeedManualLabel
FE80:0000:0000:0000:0042:B7FF:FE74:5500-FF02:0000:0000:0000:0000:0000:0000:0002-0-0-0,FE80:0000:0000:0000:0042:B7FF:FE74:5500,0,FF02:0000:0000:0000:0000:0000:0000:0002,0,0,1970-01-21 05:02:19.354560,248187,7,0,0.0,0.0,0.0,0.0,0.0,0.0,0,0,0,0,0.0,28.204539319142423,41364.5,47311.384895181414,126973.0,3838.0,248187.0,41364.5,47311.384895181414,126973.0,3838.0,0,0,0,0,0,0,0,0,0,0,0,0,0,28.204539319142423,0.0,0.0,0.0,0.0,0.0,0.0,0,0,0,0,0,0,0,0,0.0,0.0,0.0,0.0,0.0,0.0,0.0,0.0,0.0,0.0,0.0,0.0,0.0,0.0,0,0,0,0,0,0,0,0,0,0,0,0,0,0,-1,-1,0,0,0,0,NeedManualLabel
FE80:0000:0000:0000:0042:EBFF:FE59:BB00-FF02:0000:0000:0000:0000:0000:0000:0016-0-0-0,FE80:0000:0000:0000:0042:EBFF:FE59:BB00,0,FF02:0000:0000:0000:0000:0000:0000:0016,0,0,1970-01-21 05:02:19.427705,336,2,0,0.0,0.0,0.0,0.0,0.0,0.0,0,0,0,0,0.0,5952.380952380952,336.0,0.0,336.0,336.0,336.0,336.0,0.0,336.0,336.0,0,0,0,0,0,0,0,0,0,0,0,0,0,5952.380952380952,0.0,0.0,0.0,0.0,0.0,0.0,0,0,0,0,0,0,0,0,0.0,0.0,0.0,0.0,0.0,0.0,0.0,0.0,0.0,0.0,0.0,0.0,0.0,0.0,0,0,0,0,0,0,0,0,0,0,0,0,0,0,-1,-1,0,0,0,0,NeedManualLabel
FE80:0000:0000:0000:8094:C7FF:FEBE:FD4A-FF02:0000:0000:0000:0000:0000:0000:0002-0-0-0,FE80:0000:0000:0000:8094:C7FF:FEBE:FD4A,0,FF02:0000:0000:0000:0000:0000:0000:0002,0,0,1970-01-21 05:02:19.334978,439805,4,0,0.0,0.0,0.0,0.0,0.0,0.0,0,0,0,0,0.0,9.094939802867179,146601.66666666666,94975.32257030418,249857.0,62973.0,439805.0,146601.66666666666,94975.32257030418,249857.0,62973.0,0,0,0,0,0,0,0,0,0,0,0,0,0,9.094939802867179,0.0,0.0,0.0,0.0,0.0,0.0,0,0,0,0,0,0,0,0,0.0,0.0,0.0,0.0,0.0,0.0,0.0,0.0,0.0,0.0,0.0,0.0,0.0,0.0,0,0,0,0,0,0,0,0,0,0,0,0,0,0,-1,-1,0,0,0,0,NeedManualLabel
FE80:0000:0000:0000:0042:E8FF:FE3F:6D00-FF02:0000:0000:0000:0000:0000:0000:0002-0-0-0,FE80:0000:0000:0000:0042:E8FF:FE3F:6D00,0,FF02:0000:0000:0000:0000:0000:0000:0002,0,0,1970-01-21 05:02:19.413952,29051,4,0,0.0,0.0,0.0,0.0,0.0,0.0,0,0,0,0,0.0,137.68889194864204,9683.666666666666,6262.6165724346665,16378.0,3968.0,29051.0,9683.666666666666,6262.6165724346665,16378.0,3968.0,0,0,0,0,0,0,0,0,0,0,0,0,0,137.68889194864204,0.0,0.0,0.0,0.0,0.0,0.0,0,0,0,0,0,0,0,0,0.0,0.0,0.0,0.0,0.0,0.0,0.0,0.0,0.0,0.0,0.0,0.0,0.0,0.0,0,0,0,0,0,0,0,0,0,0,0,0,0,0,-1,-1,0,0,0,0,NeedManualLabel
FE80:0000:0000:0000:0042:1CFF:FE5E:2500-FF02:0000:0000:0000:0000:0000:0000:0016-0-0-0,FE80:0000:0000:0000:0042:1CFF:FE5E:2500,0,FF02:0000:0000:0000:0000:0000:0000:0016,0,0,1970-01-21 05:02:19.423867,112,2,0,0.0,0.0,0.0,0.0,0.0,0.0,0,0,0,0,0.0,17857.14285714286,112.0,0.0,112.0,112.0,112.0,112.0,0.0,112.0,112.0,0,0,0,0,0,0,0,0,0,0,0,0,0,17857.14285714286,0.0,0.0,0.0,0.0,0.0,0.0,0,0,0,0,0,0,0,0,0.0,0.0,0.0,0.0,0.0,0.0,0.0,0.0,0.0,0.0,0.0,0.0,0.0,0.0,0,0,0,0,0,0,0,0,0,0,0,0,0,0,-1,-1,0,0,0,0,NeedManualLabel
FE80:0000:0000:0000:0042:69FF:FEE2:1300-FF02:0000:0000:0000:0000:0000:0000:0002-0-0-0,FE80:0000:0000:0000:0042:69FF:FEE2:1300,0,FF02:0000:0000:0000:0000:0000:0000:0002,0,0,1970-01-21 05:02:19.339070,435710,4,0,0.0,0.0,0.0,0.0,0.0,0.0,0,0,0,0,0.0,9.180418168047554,145236.66666666666,91417.56510284735,245760.0,67074.0,435710.0,145236.66666666666,91417.56510284735,245760.0,67074.0,0,0,0,0,0,0,0,0,0,0,0,0,0,9.180418168047554,0.0,0.0,0.0,0.0,0.0,0.0,0,0,0,0,0,0,0,0,0.0,0.0,0.0,0.0,0.0,0.0,0.0,0.0,0.0,0.0,0.0,0.0,0.0,0.0,0,0,0,0,0,0,0,0,0,0,0,0,0,0,-1,-1,0,0,0,0,NeedManualLabel
FE80:0000:0000:0000:0042:DDFF:FE06:D800-FF02:0000:0000:0000:0000:0000:0000:0016-0-0-0,FE80:0000:0000:0000:0042:DDFF:FE06:D800,0,FF02:0000:0000:0000:0000:0000:0000:0016,0,0,1970-01-21 05:02:19.422331,639,2,0,0.0,0.0,0.0,0.0,0.0,0.0,0,0,0,0,0.0,3129.8904538341158,639.0,0.0,639.0,639.0,639.0,639.0,0.0,639.0,639.0,0,0,0,0,0,0,0,0,0,0,0,0,0,3129.8904538341158,0.0,0.0,0.0,0.0,0.0,0.0,0,0,0,0,0,0,0,0,0.0,0.0,0.0,0.0,0.0,0.0,0.0,0.0,0.0,0.0,0.0,0.0,0.0,0.0,0,0,0,0,0,0,0,0,0,0,0,0,0,0,-1,-1,0,0,0,0,NeedManualLabel
FE80:0000:0000:0000:0042:B1FF:FEB5:E300-FF02:0000:0000:0000:0000:0000:0000:0016-0-0-0,FE80:0000:0000:0000:0042:B1FF:FEB5:E300,0,FF02:0000:0000:0000:0000:0000:0000:0016,0,0,1970-01-21 05:02:19.428475,704,2,0,0.0,0.0,0.0,0.0,0.0,0.0,0,0,0,0,0.0,2840.909090909091,704.0,0.0,704.0,704.0,704.0,704.0,0.0,704.0,704.0,0,0,0,0,0,0,0,0,0,0,0,0,0,2840.909090909091,0.0,0.0,0.0,0.0,0.0,0.0,0,0,0,0,0,0,0,0,0.0,0.0,0.0,0.0,0.0,0.0,0.0,0.0,0.0,0.0,0.0,0.0,0.0,0.0,0,0,0,0,0,0,0,0,0,0,0,0,0,0,-1,-1,0,0,0,0,NeedManualLabel
::-FF02:0000:0000:0000:0000:0001:FF06:D800-0-0-0,::,0,FF02:0000:0000:0000:0000:0001:FF06:D800,0,0,1970-01-21 05:02:19.421322,0,1,0,0.0,0.0,0.0,0.0,0.0,0.0,0,0,0,0,-1,-1,0.0,0.0,0.0,0.0,0,0,0,0,0,0,0,0,0,0,0,0,0,0,0,0,0,0,0.0,0.0,0.0,0.0,0.0,0.0,0.0,0,0,0,0,0,0,0,0,0.0,0.0,0.0,0.0,0.0,0.0,0.0,0.0,0.0,0.0,0.0,0.0,0.0,0.0,0,0,0,0,0,0,0,0,0,0,0,0,0,0,-1,-1,0,0,0,0,NeedManualLabel
FE80:0000:0000:0000:0042:A8FF:FE6B:1F00-FF02:0000:0000:0000:0000:0000:0000:0002-0-0-0,FE80:0000:0000:0000:0042:A8FF:FE6B:1F00,0,FF02:0000:0000:0000:0000:0000:0000:0002,0,0,1970-01-21 05:02:19.425148,30143,4,0,0.0,0.0,0.0,0.0,0.0,0.0,0,0,0,0,0.0,132.7007928872375,10047.666666666666,6631.17985982384,17409.0,4542.0,30143.0,10047.666666666666,6631.17985982384,17409.0,4542.0,0,0,0,0,0,0,0,0,0,0,0,0,0,132.7007928872375,0.0,0.0,0.0,0.0,0.0,0.0,0,0,0,0,0,0,0,0,0.0,0.0,0.0,0.0,0.0,0.0,0.0,0.0,0.0,0.0,0.0,0.0,0.0,0.0,0,0,0,0,0,0,0,0,0,0,0,0,0,0,-1,-1,0,0,0,0,NeedManualLabel
::-FF02:0000:0000:0000:0000:0001:FF3F:6D00-0-0-0,::,0,FF02:0000:0000:0000:0000:0001:FF3F:6D00,0,0,1970-01-21 05:02:19.412929,0,1,0,0.0,0.0,0.0,0.0,0.0,0.0,0,0,0,0,-1,-1,0.0,0.0,0.0,0.0,0,0,0,0,0,0,0,0,0,0,0,0,0,0,0,0,0,0,0.0,0.0,0.0,0.0,0.0,0.0,0.0,0,0,0,0,0,0,0,0,0.0,0.0,0.0,0.0,0.0,0.0,0.0,0.0,0.0,0.0,0.0,0.0,0.0,0.0,0,0,0,0,0,0,0,0,0,0,0,0,0,0,-1,-1,0,0,0,0,NeedManualLabel
::-FF02:0000:0000:0000:0000:0001:FFB1:CE00-0-0-0,::,0,FF02:0000:0000:0000:0000:0001:FFB1:CE00,0,0,1970-01-21 05:02:19.347968,0,1,0,0.0,0.0,0.0,0.0,0.0,0.0,0,0,0,0,-1,-1,0.0,0.0,0.0,0.0,0,0,0,0,0,0,0,0,0,0,0,0,0,0,0,0,0,0,0.0,0.0,0.0,0.0,0.0,0.0,0.0,0,0,0,0,0,0,0,0,0.0,0.0,0.0,0.0,0.0,0.0,0.0,0.0,0.0,0.0,0.0,0.0,0.0,0.0,0,0,0,0,0,0,0,0,0,0,0,0,0,0,-1,-1,0,0,0,0,NeedManualLabel
FE80:0000:0000:0000:0042:36FF:FEDA:4400-FF02:0000:0000:0000:0000:0000:0000:0002-0-0-0,FE80:0000:0000:0000:0042:36FF:FEDA:4400,0,FF02:0000:0000:0000:0000:0000:0000:0002,0,0,1970-01-21 05:02:19.359297,280317,7,0,0.0,0.0,0.0,0.0,0.0,0.0,0,0,0,0,0.0,24.97172843602065,46719.5,51982.44293509107,139263.0,4350.0,280317.0,46719.5,51982.44293509107,139263.0,4350.0,0,0,0,0,0,0,0,0,0,0,0,0,0,24.97172843602065,0.0,0.0,0.0,0.0,0.0,0.0,0,0,0,0,0,0,0,0,0.0,0.0,0.0,0.0,0.0,0.0,0.0,0.0,0.0,0.0,0.0,0.0,0.0,0.0,0,0,0,0,0,0,0,0,0,0,0,0,0,0,-1,-1,0,0,0,0,NeedManualLabel
FE80:0000:0000:0000:0042:0CFF:FE12:5E00-FF02:0000:0000:0000:0000:0000:0000:0002-0-0-0,FE80:0000:0000:0000:0042:0CFF:FE12:5E00,0,FF02:0000:0000:0000:0000:0000:0000:0002,0,0,1970-01-21 05:02:19.416187,25791,4,0,0.0,0.0,0.0,0.0,0.0,0.0,0,0,0,0,0.0,155.0928618510333,8597.0,5337.53941437438,14334.0,3778.0,25791.0,8597.0,5337.53941437438,14334.0,3778.0,0,0,0,0,0,0,0,0,0,0,0,0,0,155.0928618510333,0.0,0.0,0.0,0.0,0.0,0.0,0,0,0,0,0,0,0,0,0.0,0.0,0.0,0.0,0.0,0.0,0.0,0.0,0.0,0.0,0.0,0.0,0.0,0.0,0,0,0,0,0,0,0,0,0,0,0,0,0,0,-1,-1,0,0,0,0,NeedManualLabel
FE80:0000:0000:0000:0042:9DFF:FEE8:0E00-FF02:0000:0000:0000:0000:0000:0000:0016-0-0-0,FE80:0000:0000:0000:0042:9DFF:FEE8:0E00,0,FF02:0000:0000:0000:0000:0000:0000:0016,0,0,1970-01-21 05:02:19.417920,638,2,0,0.0,0.0,0.0,0.0,0.0,0.0,0,0,0,0,0.0,3134.796238244514,638.0,0.0,638.0,638.0,638.0,638.0,0.0,638.0,638.0,0,0,0,0,0,0,0,0,0,0,0,0,0,3134.796238244514,0.0,0.0,0.0,0.0,0.0,0.0,0,0,0,0,0,0,0,0,0.0,0.0,0.0,0.0,0.0,0.0,0.0,0.0,0.0,0.0,0.0,0.0,0.0,0.0,0,0,0,0,0,0,0,0,0,0,0,0,0,0,-1,-1,0,0,0,0,NeedManualLabel
FE80:0000:0000:0000:0042:35FF:FE7C:1B00-FF02:0000:0000:0000:0000:0000:0000:0016-0-0-0,FE80:0000:0000:0000:0042:35FF:FE7C:1B00,0,FF02:0000:0000:0000:0000:0000:0000:0016,0,0,1970-01-21 05:02:19.352512,831,2,0,0.0,0.0,0.0,0.0,0.0,0.0,0,0,0,0,0.0,2406.7388688327314,831.0,0.0,831.0,831.0,831.0,831.0,0.0,831.0,831.0,0,0,0,0,0,0,0,0,0,0,0,0,0,2406.7388688327314,0.0,0.0,0.0,0.0,0.0,0.0,0,0,0,0,0,0,0,0,0.0,0.0,0.0,0.0,0.0,0.0,0.0,0.0,0.0,0.0,0.0,0.0,0.0,0.0,0,0,0,0,0,0,0,0,0,0,0,0,0,0,-1,-1,0,0,0,0,NeedManualLabel
::-FF02:0000:0000:0000:0000:0001:FF55:FF00-0-0-0,::,0,FF02:0000:0000:0000:0000:0001:FF55:FF00,0,0,1970-01-21 05:02:19.362991,0,1,0,0.0,0.0,0.0,0.0,0.0,0.0,0,0,0,0,-1,-1,0.0,0.0,0.0,0.0,0,0,0,0,0,0,0,0,0,0,0,0,0,0,0,0,0,0,0.0,0.0,0.0,0.0,0.0,0.0,0.0,0,0,0,0,0,0,0,0,0.0,0.0,0.0,0.0,0.0,0.0,0.0,0.0,0.0,0.0,0.0,0.0,0.0,0.0,0,0,0,0,0,0,0,0,0,0,0,0,0,0,-1,-1,0,0,0,0,NeedManualLabel
FE80:0000:0000:0000:0042:BDFF:FEB1:8C00-FF02:0000:0000:0000:0000:0000:0000:0002-0-0-0,FE80:0000:0000:0000:0042:BDFF:FEB1:8C00,0,FF02:0000:0000:0000:0000:0000:0000:0002,0,0,1970-01-21 05:02:19.421563,31168,4,0,0.0,0.0,0.0,0.0,0.0,0.0,0,0,0,0,0.0,128.33675564681724,10389.333333333334,6826.22680060759,17891.0,4543.0,31168.0,10389.333333333334,6826.22680060759,17891.0,4543.0,0,0,0,0,0,0,0,0,0,0,0,0,0,128.33675564681724,0.0,0.0,0.0,0.0,0.0,0.0,0,0,0,0,0,0,0,0,0.0,0.0,0.0,0.0,0.0,0.0,0.0,0.0,0.0,0.0,0.0,0.0,0.0,0.0,0,0,0,0,0,0,0,0,0,0,0,0,0,0,-1,-1,0,0,0,0,NeedManualLabel
FE80:0000:0000:0000:0042:C5FF:FED1:FF00-FF02:0000:0000:0000:0000:0000:0000:0002-0-0-0,FE80:0000:0000:0000:0042:C5FF:FED1:FF00,0,FF02:0000:0000:0000:0000:0000:0000:0002,0,0,1970-01-21 05:02:19.426429,27838,4,0,0.0,0.0,0.0,0.0,0.0,0.0,0,0,0,0,0.0,143.68848336805803,9279.333333333334,6077.483881783097,15873.0,3902.0,27838.0,9279.333333333334,6077.483881783097,15873.0,3902.0,0,0,0,0,0,0,0,0,0,0,0,0,0,143.68848336805803,0.0,0.0,0.0,0.0,0.0,0.0,0,0,0,0,0,0,0,0,0.0,0.0,0.0,0.0,0.0,0.0,0.0,0.0,0.0,0.0,0.0,0.0,0.0,0.0,0,0,0,0,0,0,0,0,0,0,0,0,0,0,-1,-1,0,0,0,0,NeedManualLabel
FE80:0000:0000:0000:0042:5AFF:FED6:FD00-FF02:0000:0000:0000:0000:0000:0000:0002-0-0-0,FE80:0000:0000:0000:0042:5AFF:FED6:FD00,0,FF02:0000:0000:0000:0000:0000:0000:0002,0,0,1970-01-21 05:02:19.353024,257917,7,0,0.0,0.0,0.0,0.0,0.0,0.0,0,0,0,0,0.0,27.14051419642753,42986.16666666667,48626.03477322274,131072.0,4030.0,257917.0,42986.16666666667,48626.03477322274,131072.0,4030.0,0,0,0,0,0,0,0,0,0,0,0,0,0,27.14051419642753,0.0,0.0,0.0,0.0,0.0,0.0,0,0,0,0,0,0,0,0,0.0,0.0,0.0,0.0,0.0,0.0,0.0,0.0,0.0,0.0,0.0,0.0,0.0,0.0,0,0,0,0,0,0,0,0,0,0,0,0,0,0,-1,-1,0,0,0,0,NeedManualLabel
FE80:0000:0000:0000:0042:F2FF:FED5:BC00-FF02:0000:0000:0000:0000:0000:0000:0016-0-0-0,FE80:0000:0000:0000:0042:F2FF:FED5:BC00,0,FF02:0000:0000:0000:0000:0000:0000:0016,0,0,1970-01-21 05:02:19.356800,460,2,0,0.0,0.0,0.0,0.0,0.0,0.0,0,0,0,0,0.0,4347.826086956522,460.0,0.0,460.0,460.0,460.0,460.0,0.0,460.0,460.0,0,0,0,0,0,0,0,0,0,0,0,0,0,4347.826086956522,0.0,0.0,0.0,0.0,0.0,0.0,0,0,0,0,0,0,0,0,0.0,0.0,0.0,0.0,0.0,0.0,0.0,0.0,0.0,0.0,0.0,0.0,0.0,0.0,0,0,0,0,0,0,0,0,0,0,0,0,0,0,-1,-1,0,0,0,0,NeedManualLabel
FE80:0000:0000:0000:0042:CDFF:FE52:CE00-FF02:0000:0000:0000:0000:0000:0000:0002-0-0-0,FE80:0000:0000:0000:0042:CDFF:FE52:CE00,0,FF02:0000:0000:0000:0000:0000:0000:0002,0,0,1970-01-21 05:02:19.349243,273989,7,0,0.0,0.0,0.0,0.0,0.0,0.0,0,0,0,0,0.0,25.5484709240152,45664.83333333333,51627.67131458349,139264.0,4677.0,273989.0,45664.83333333333,51627.67131458349,139264.0,4677.0,0,0,0,0,0,0,0,0,0,0,0,0,0,25.5484709240152,0.0,0.0,0.0,0.0,0.0,0.0,0,0,0,0,0,0,0,0,0.0,0.0,0.0,0.0,0.0,0.0,0.0,0.0,0.0,0.0,0.0,0.0,0.0,0.0,0,0,0,0,0,0,0,0,0,0,0,0,0,0,-1,-1,0,0,0,0,NeedManualLabel
FE80:0000:0000:0000:0042:B1FF:FEB5:E300-FF02:0000:0000:0000:0000:0000:0000:0002-0-0-0,FE80:0000:0000:0000:0042:B1FF:FEB5:E300,0,FF02:0000:0000:0000:0000:0000:0000:0002,0,0,1970-01-21 05:02:19.428474,30400,4,0,0.0,0.0,0.0,0.0,0.0,0.0,0,0,0,0,0.0,131.57894736842104,10133.333333333334,6173.374225926477,16896.0,4800.0,30400.0,10133.333333333334,6173.374225926477,16896.0,4800.0,0,0,0,0,0,0,0,0,0,0,0,0,0,131.57894736842104,0.0,0.0,0.0,0.0,0.0,0.0,0,0,0,0,0,0,0,0,0.0,0.0,0.0,0.0,0.0,0.0,0.0,0.0,0.0,0.0,0.0,0.0,0.0,0.0,0,0,0,0,0,0,0,0,0,0,0,0,0,0,-1,-1,0,0,0,0,NeedManualLabel
::-FF02:0000:0000:0000:0000:0001:FF5E:2500-0-0-0,::,0,FF02:0000:0000:0000:0000:0001:FF5E:2500,0,0,1970-01-21 05:02:19.422851,0,1,0,0.0,0.0,0.0,0.0,0.0,0.0,0,0,0,0,-1,-1,0.0,0.0,0.0,0.0,0,0,0,0,0,0,0,0,0,0,0,0,0,0,0,0,0,0,0.0,0.0,0.0,0.0,0.0,0.0,0.0,0,0,0,0,0,0,0,0,0.0,0.0,0.0,0.0,0.0,0.0,0.0,0.0,0.0,0.0,0.0,0.0,0.0,0.0,0,0,0,0,0,0,0,0,0,0,0,0,0,0,-1,-1,0,0,0,0,NeedManualLabel
::-FF02:0000:0000:0000:0000:0001:FF74:5500-0-0-0,::,0,FF02:0000:0000:0000:0000:0001:FF74:5500,0,0,1970-01-21 05:02:19.353492,0,1,0,0.0,0.0,0.0,0.0,0.0,0.0,0,0,0,0,-1,-1,0.0,0.0,0.0,0.0,0,0,0,0,0,0,0,0,0,0,0,0,0,0,0,0,0,0,0.0,0.0,0.0,0.0,0.0,0.0,0.0,0,0,0,0,0,0,0,0,0.0,0.0,0.0,0.0,0.0,0.0,0.0,0.0,0.0,0.0,0.0,0.0,0.0,0.0,0,0,0,0,0,0,0,0,0,0,0,0,0,0,-1,-1,0,0,0,0,NeedManualLabel
::-FF02:0000:0000:0000:0000:0001:FFB3:5800-0-0-0,::,0,FF02:0000:0000:0000:0000:0001:FFB3:5800,0,0,1970-01-21 05:02:19.357311,0,1,0,0.0,0.0,0.0,0.0,0.0,0.0,0,0,0,0,-1,-1,0.0,0.0,0.0,0.0,0,0,0,0,0,0,0,0,0,0,0,0,0,0,0,0,0,0,0.0,0.0,0.0,0.0,0.0,0.0,0.0,0,0,0,0,0,0,0,0,0.0,0.0,0.0,0.0,0.0,0.0,0.0,0.0,0.0,0.0,0.0,0.0,0.0,0.0,0,0,0,0,0,0,0,0,0,0,0,0,0,0,-1,-1,0,0,0,0,NeedManualLabel
FE80:0000:0000:0000:0042:2BFF:FE05:9700-FF02:0000:0000:0000:0000:0000:0000:0002-0-0-0,FE80:0000:0000:0000:0042:2BFF:FE05:9700,0,FF02:0000:0000:0000:0000:0000:0000:0002,0,0,1970-01-21 05:02:19.414971,30594,4,0,0.0,0.0,0.0,0.0,0.0,0.0,0,0,0,0,0.0,130.74459044257043,10198.0,6265.460557692467,16898.0,4484.0,30594.0,10198.0,6265.460557692467,16898.0,4484.0,0,0,0,0,0,0,0,0,0,0,0,0,0,130.74459044257043,0.0,0.0,0.0,0.0,0.0,0.0,0,0,0,0,0,0,0,0,0.0,0.0,0.0,0.0,0.0,0.0,0.0,0.0,0.0,0.0,0.0,0.0,0.0,0.0,0,0,0,0,0,0,0,0,0,0,0,0,0,0,-1,-1,0,0,0,0,NeedManualLabel
FE80:0000:0000:0000:0042:52FF:FE4E:7003-FF02:0000:0000:0000:0000:0000:0000:0002-0-0-0,FE80:0000:0000:0000:0042:52FF:FE4E:7003,0,FF02:0000:0000:0000:0000:0000:0000:0002,0,0,1970-01-21 05:02:19.328316,204799,3,0,0.0,0.0,0.0,0.0,0.0,0.0,0,0,0,0,0.0,14.648509025922978,102399.5,46341.65711862277,135168.0,69631.0,204799.0,102399.5,46341.65711862277,135168.0,69631.0,0,0,0,0,0,0,0,0,0,0,0,0,0,14.648509025922978,0.0,0.0,0.0,0.0,0.0,0.0,0,0,0,0,0,0,0,0,0.0,0.0,0.0,0.0,0.0,0.0,0.0,0.0,0.0,0.0,0.0,0.0,0.0,0.0,0,0,0,0,0,0,0,0,0,0,0,0,0,0,-1,-1,0,0,0,0,NeedManualLabel
FE80:0000:0000:0000:0042:24FF:FEF9:D500-FF02:0000:0000:0000:0000:0000:0000:0002-0-0-0,FE80:0000:0000:0000:0042:24FF:FEF9:D500,0,FF02:0000:0000:0000:0000:0000:0000:0002,0,0,1970-01-21 05:02:19.363134,215040,7,0,0.0,0.0,0.0,0.0,0.0,0.0,0,0,0,0,0.0,32.55208333333333,35840.0,39509.0499050534,106496.0,3711.0,215040.0,35840.0,39509.0499050534,106496.0,3711.0,0,0,0,0,0,0,0,0,0,0,0,0,0,32.55208333333333,0.0,0.0,0.0,0.0,0.0,0.0,0,0,0,0,0,0,0,0,0.0,0.0,0.0,0.0,0.0,0.0,0.0,0.0,0.0,0.0,0.0,0.0,0.0,0.0,0,0,0,0,0,0,0,0,0,0,0,0,0,0,-1,-1,0,0,0,0,NeedManualLabel
FE80:0000:0000:0000:0042:95FF:FE49:BF00-FF02:0000:0000:0000:0000:0000:0000:0016-0-0-0,FE80:0000:0000:0000:0042:95FF:FE49:BF00,0,FF02:0000:0000:0000:0000:0000:0000:0016,0,0,1970-01-21 05:02:19.355585,287,2,0,0.0,0.0,0.0,0.0,0.0,0.0,0,0,0,0,0.0,6968.641114982579,287.0,0.0,287.0,287.0,287.0,287.0,0.0,287.0,287.0,0,0,0,0,0,0,0,0,0,0,0,0,0,6968.641114982579,0.0,0.0,0.0,0.0,0.0,0.0,0,0,0,0,0,0,0,0,0.0,0.0,0.0,0.0,0.0,0.0,0.0,0.0,0.0,0.0,0.0,0.0,0.0,0.0,0,0,0,0,0,0,0,0,0,0,0,0,0,0,-1,-1,0,0,0,0,NeedManualLabel
::-FF02:0000:0000:0000:0000:0001:FF52:CE00-0-0-0,::,0,FF02:0000:0000:0000:0000:0001:FF52:CE00,0,0,1970-01-21 05:02:19.348228,0,1,0,0.0,0.0,0.0,0.0,0.0,0.0,0,0,0,0,-1,-1,0.0,0.0,0.0,0.0,0,0,0,0,0,0,0,0,0,0,0,0,0,0,0,0,0,0,0.0,0.0,0.0,0.0,0.0,0.0,0.0,0,0,0,0,0,0,0,0,0.0,0.0,0.0,0.0,0.0,0.0,0.0,0.0,0.0,0.0,0.0,0.0,0.0,0.0,0,0,0,0,0,0,0,0,0,0,0,0,0,0,-1,-1,0,0,0,0,NeedManualLabel
FE80:0000:0000:0000:0042:23FF:FE13:B600-FF02:0000:0000:0000:0000:0000:0000:0002-0-0-0,FE80:0000:0000:0000:0042:23FF:FE13:B600,0,FF02:0000:0000:0000:0000:0000:0000:0002,0,0,1970-01-21 05:02:19.412730,32321,4,0,0.0,0.0,0.0,0.0,0.0,0.0,0,0,0,0,0.0,123.75854707465733,10773.666666666666,7009.520834788447,18430.0,4672.0,32321.0,10773.666666666666,7009.520834788447,18430.0,4672.0,0,0,0,0,0,0,0,0,0,0,0,0,0,123.75854707465733,0.0,0.0,0.0,0.0,0.0,0.0,0,0,0,0,0,0,0,0,0.0,0.0,0.0,0.0,0.0,0.0,0.0,0.0,0.0,0.0,0.0,0.0,0.0,0.0,0,0,0,0,0,0,0,0,0,0,0,0,0,0,-1,-1,0,0,0,0,NeedManualLabel
FE80:0000:0000:0000:0042:80FF:FE55:FF00-FF02:0000:0000:0000:0000:0000:0000:0002-0-0-0,FE80:0000:0000:0000:0042:80FF:FE55:FF00,0,FF02:0000:0000:0000:0000:0000:0000:0002,0,0,1970-01-21 05:02:19.364030,251007,7,0,0.0,0.0,0.0,0.0,0.0,0.0,0,0,0,0,0.0,27.887668471397212,41834.5,48644.19443160715,131070.0,3904.0,251007.0,41834.5,48644.19443160715,131070.0,3904.0,0,0,0,0,0,0,0,0,0,0,0,0,0,27.887668471397212,0.0,0.0,0.0,0.0,0.0,0.0,0,0,0,0,0,0,0,0,0.0,0.0,0.0,0.0,0.0,0.0,0.0,0.0,0.0,0.0,0.0,0.0,0.0,0.0,0,0,0,0,0,0,0,0,0,0,0,0,0,0,-1,-1,0,0,0,0,NeedManualLabel
FE80:0000:0000:0000:0042:0FFF:FEB1:CE00-FF02:0000:0000:0000:0000:0000:0000:0002-0-0-0,FE80:0000:0000:0000:0042:0FFF:FEB1:CE00,0,FF02:0000:0000:0000:0000:0000:0000:0002,0,0,1970-01-21 05:02:19.348993,290621,7,0,0.0,0.0,0.0,0.0,0.0,0.0,0,0,0,0,0.0,24.086353016471623,48436.833333333336,53013.308153393584,143359.0,4416.0,290621.0,48436.833333333336,53013.308153393584,143359.0,4416.0,0,0,0,0,0,0,0,0,0,0,0,0,0,24.086353016471623,0.0,0.0,0.0,0.0,0.0,0.0,0,0,0,0,0,0,0,0,0.0,0.0,0.0,0.0,0.0,0.0,0.0,0.0,0.0,0.0,0.0,0.0,0.0,0.0,0,0,0,0,0,0,0,0,0,0,0,0,0,0,-1,-1,0,0,0,0,NeedManualLabel
::-FF02:0000:0000:0000:0000:0001:FF7C:1B00-0-0-0,::,0,FF02:0000:0000:0000:0000:0001:FF7C:1B00,0,0,1970-01-21 05:02:19.351488,0,1,0,0.0,0.0,0.0,0.0,0.0,0.0,0,0,0,0,-1,-1,0.0,0.0,0.0,0.0,0,0,0,0,0,0,0,0,0,0,0,0,0,0,0,0,0,0,0.0,0.0,0.0,0.0,0.0,0.0,0.0,0,0,0,0,0,0,0,0,0.0,0.0,0.0,0.0,0.0,0.0,0.0,0.0,0.0,0.0,0.0,0.0,0.0,0.0,0,0,0,0,0,0,0,0,0,0,0,0,0,0,-1,-1,0,0,0,0,NeedManualLabel
FE80:0000:0000:0000:0042:54FF:FEB3:5800-FF02:0000:0000:0000:0000:0000:0000:0002-0-0-0,FE80:0000:0000:0000:0042:54FF:FEB3:5800,0,FF02:0000:0000:0000:0000:0000:0000:0002,0,0,1970-01-21 05:02:19.358335,240322,7,0,0.0,0.0,0.0,0.0,0.0,0.0,0,0,0,0,0.0,29.127587153901846,40053.666666666664,43854.67362855032,118788.0,3840.0,240322.0,40053.666666666664,43854.67362855032,118788.0,3840.0,0,0,0,0,0,0,0,0,0,0,0,0,0,29.127587153901846,0.0,0.0,0.0,0.0,0.0,0.0,0,0,0,0,0,0,0,0,0.0,0.0,0.0,0.0,0.0,0.0,0.0,0.0,0.0,0.0,0.0,0.0,0.0,0.0,0,0,0,0,0,0,0,0,0,0,0,0,0,0,-1,-1,0,0,0,0,NeedManualLabel
::-FF02:0000:0000:0000:0000:0001:FF6B:1F00-0-0-0,::,0,FF02:0000:0000:0000:0000:0001:FF6B:1F00,0,0,1970-01-21 05:02:19.424083,0,1,0,0.0,0.0,0.0,0.0,0.0,0.0,0,0,0,0,-1,-1,0.0,0.0,0.0,0.0,0,0,0,0,0,0,0,0,0,0,0,0,0,0,0,0,0,0,0.0,0.0,0.0,0.0,0.0,0.0,0.0,0,0,0,0,0,0,0,0,0.0,0.0,0.0,0.0,0.0,0.0,0.0,0.0,0.0,0.0,0.0,0.0,0.0,0.0,0,0,0,0,0,0,0,0,0,0,0,0,0,0,-1,-1,0,0,0,0,NeedManualLabel
FE80:0000:0000:0000:0042:EBFF:FE59:BB00-FF02:0000:0000:0000:0000:0000:0000:0002-0-0-0,FE80:0000:0000:0000:0042:EBFF:FE59:BB00,0,FF02:0000:0000:0000:0000:0000:0000:0002,0,0,1970-01-21 05:02:19.427706,29631,4,0,0.0,0.0,0.0,0.0,0.0,0.0,0,0,0,0,0.0,134.99375653876007,9877.0,6345.854394799805,16895.0,4543.0,29631.0,9877.0,6345.854394799805,16895.0,4543.0,0,0,0,0,0,0,0,0,0,0,0,0,0,134.99375653876007,0.0,0.0,0.0,0.0,0.0,0.0,0,0,0,0,0,0,0,0,0.0,0.0,0.0,0.0,0.0,0.0,0.0,0.0,0.0,0.0,0.0,0.0,0.0,0.0,0,0,0,0,0,0,0,0,0,0,0,0,0,0,-1,-1,0,0,0,0,NeedManualLabel
FE80:0000:0000:0000:0042:26FF:FEDC:F800-FF02:0000:0000:0000:0000:0000:0000:0002-0-0-0,FE80:0000:0000:0000:0042:26FF:FEDC:F800,0,FF02:0000:0000:0000:0000:0000:0000:0002,0,0,1970-01-21 05:02:19.336508,208897,3,0,0.0,0.0,0.0,0.0,0.0,0.0,0,0,0,0,0.0,14.36114448747469,104448.5,49232.30964011337,139261.0,69636.0,208897.0,104448.5,49232.30964011337,139261.0,69636.0,0,0,0,0,0,0,0,0,0,0,0,0,0,14.36114448747469,0.0,0.0,0.0,0.0,0.0,0.0,0,0,0,0,0,0,0,0,0.0,0.0,0.0,0.0,0.0,0.0,0.0,0.0,0.0,0.0,0.0,0.0,0.0,0.0,0,0,0,0,0,0,0,0,0,0,0,0,0,0,-1,-1,0,0,0,0,NeedManualLabel
::-FF02:0000:0000:0000:0000:0001:FFE8:0E00-0-0-0,::,0,FF02:0000:0000:0000:0000:0001:FFE8:0E00,0,0,1970-01-21 05:02:19.416895,0,1,0,0.0,0.0,0.0,0.0,0.0,0.0,0,0,0,0,-1,-1,0.0,0.0,0.0,0.0,0,0,0,0,0,0,0,0,0,0,0,0,0,0,0,0,0,0,0.0,0.0,0.0,0.0,0.0,0.0,0.0,0,0,0,0,0,0,0,0,0.0,0.0,0.0,0.0,0.0,0.0,0.0,0.0,0.0,0.0,0.0,0.0,0.0,0.0,0,0,0,0,0,0,0,0,0,0,0,0,0,0,-1,-1,0,0,0,0,NeedManualLabel
FE80:0000:0000:0000:0042:08FF:FE1B:9A00-FF02:0000:0000:0000:0000:0000:0000:0016-0-0-0,FE80:0000:0000:0000:0042:08FF:FE1B:9A00,0,FF02:0000:0000:0000:0000:0000:0000:0016,0,0,1970-01-21 05:02:19.420540,88,2,0,0.0,0.0,0.0,0.0,0.0,0.0,0,0,0,0,0.0,22727.272727272728,88.0,0.0,88.0,88.0,88.0,88.0,0.0,88.0,88.0,0,0,0,0,0,0,0,0,0,0,0,0,0,22727.272727272728,0.0,0.0,0.0,0.0,0.0,0.0,0,0,0,0,0,0,0,0,0.0,0.0,0.0,0.0,0.0,0.0,0.0,0.0,0.0,0.0,0.0,0.0,0.0,0.0,0,0,0,0,0,0,0,0,0,0,0,0,0,0,-1,-1,0,0,0,0,NeedManualLabel
FE80:0000:0000:0000:0042:36FF:FEDA:4400-FF02:0000:0000:0000:0000:0000:0000:0016-0-0-0,FE80:0000:0000:0000:0042:36FF:FEDA:4400,0,FF02:0000:0000:0000:0000:0000:0000:0016,0,0,1970-01-21 05:02:19.359297,894,2,0,0.0,0.0,0.0,0.0,0.0,0.0,0,0,0,0,0.0,2237.1364653243845,894.0,0.0,894.0,894.0,894.0,894.0,0.0,894.0,894.0,0,0,0,0,0,0,0,0,0,0,0,0,0,2237.1364653243845,0.0,0.0,0.0,0.0,0.0,0.0,0,0,0,0,0,0,0,0,0.0,0.0,0.0,0.0,0.0,0.0,0.0,0.0,0.0,0.0,0.0,0.0,0.0,0.0,0,0,0,0,0,0,0,0,0,0,0,0,0,0,-1,-1,0,0,0,0,NeedManualLabel
FE80:0000:0000:0000:301B:C4FF:FE1E:B44C-FF02:0000:0000:0000:0000:0000:0000:0002-0-0-0,FE80:0000:0000:0000:301B:C4FF:FE1E:B44C,0,FF02:0000:0000:0000:0000:0000:0000:0002,0,0,1970-01-21 05:02:19.331388,406527,4,0,0.0,0.0,0.0,0.0,0.0,0.0,0,0,0,0,0.0,9.839444858521082,135509.0,89390.02062310983,233472.0,58367.0,406527.0,135509.0,89390.02062310983,233472.0,58367.0,0,0,0,0,0,0,0,0,0,0,0,0,0,9.839444858521082,0.0,0.0,0.0,0.0,0.0,0.0,0,0,0,0,0,0,0,0,0.0,0.0,0.0,0.0,0.0,0.0,0.0,0.0,0.0,0.0,0.0,0.0,0.0,0.0,0,0,0,0,0,0,0,0,0,0,0,0,0,0,-1,-1,0,0,0,0,NeedManualLabel
